www.test1.com,91
www.test2.com,23
www.test3.com,22
www.test4.com,74
www.test5.com,44
www.test6.com,20
www.test7.com,63
www.test8.com,36
www.test9.com,55
www.test10.com,5
www.test11.com,51
www.test12.com,72
www.test13.com,48
www.test14.com,13
www.test15.com,47
www.test16.com,89
www.test17.com,58
www.test18.com,83
www.test19.com,37
www.test20.com,68
www.test21.com,32
www.test22.com,3
www.test23.com,59
www.test24.com,4
www.test25.com,35
www.test26.com,77
www.test27.com,72
www.test28.com,26
www.test29.com,12
www.test30.com,56
